,N0 [atoms/b-cm],ZAID,XS [barns],MT,T chamber [Kelvin],P chamber [Pa],Theta,Xe Conc [atoms/b-cm]
0,0.0,10010,0.023982540127097007,102,468.0,489500.0,60.0,0.0
1,0.0,10020,3.8104613922135174e-05,102,468.0,489500.0,60.0,0.0
2,0.0,20030,2.2406088172381157e-06,102,468.0,489500.0,60.0,0.0
3,0.0,280600,0.20338779307349333,102,468.0,489500.0,60.0,0.0
4,0.0,280610,0.18937281895993424,102,468.0,489500.0,60.0,0.0
5,0.0,280620,1.0358202685352398,102,468.0,489500.0,60.0,0.0
6,0.0,280640,0.1122929374135977,102,468.0,489500.0,60.0,0.0
7,0.0,290630,0.37287229068536487,102,468.0,489500.0,60.0,0.0
8,0.0,290650,0.176858794935424,102,468.0,489500.0,60.0,0.0
9,0.0,30060,0.0027829622063255824,102,468.0,489500.0,60.0,0.0
10,0.0,300640,0.08045977018544581,102,468.0,489500.0,60.0,0.0
11,0.0,30070,0.003281018311870275,102,468.0,489500.0,60.0,0.0
12,0.0,310690,0.42632607939048234,102,468.0,489500.0,60.0,0.0
13,0.0,310710,0.8137691965364353,102,468.0,489500.0,60.0,0.0
14,0.0,320700,0.24610654911698404,102,468.0,489500.0,60.0,0.0
15,0.0,320720,0.07630739964255913,102,468.0,489500.0,60.0,0.0
16,0.0,320730,1.8230524416200664,102,468.0,489500.0,60.0,0.0
17,0.0,320740,0.04624832216382499,102,468.0,489500.0,60.0,0.0
18,0.0,320760,0.03261403696212621,102,468.0,489500.0,60.0,0.0
19,0.0,330740,4.853905171870524,102,468.0,489500.0,60.0,0.0
20,0.0,330750,1.2521346383246361,102,468.0,489500.0,60.0,0.0
21,0.0,340740,11.4982719639321,102,468.0,489500.0,60.0,0.0
22,0.0,340760,6.189291455886566,102,468.0,489500.0,60.0,0.0
23,0.0,340770,3.2447188875119872,102,468.0,489500.0,60.0,0.0
24,0.0,340780,0.10753116484002341,102,468.0,489500.0,60.0,0.0
25,0.0,340790,4.217603715143288,102,468.0,489500.0,60.0,0.0
26,0.0,340800,0.05796395225299839,102,468.0,489500.0,60.0,0.0
27,0.0,340820,0.008908333689424982,102,468.0,489500.0,60.0,0.0
28,0.0,350790,2.5542371623927367,102,468.0,489500.0,60.0,0.0
29,0.0,350810,0.9201628233781276,102,468.0,489500.0,60.0,0.0
30,0.0,360800,1.662044554008444,102,468.0,489500.0,60.0,0.0
31,0.0,360820,3.505155597872791,102,468.0,489500.0,60.0,0.0
32,0.0,360830,15.603165254443102,102,468.0,489500.0,60.0,0.0
33,0.0,360840,0.03986618511638623,102,468.0,489500.0,60.0,0.0
34,0.0,360850,0.15966923564009317,102,468.0,489500.0,60.0,0.0
35,0.0,360860,0.0006560976734709127,102,468.0,489500.0,60.0,0.0
36,0.0,370850,0.16609174009564967,102,468.0,489500.0,60.0,0.0
37,0.0,370860,0.6935639209956036,102,468.0,489500.0,60.0,0.0
38,0.0,370870,0.0508755090580748,102,468.0,489500.0,60.0,0.0
39,0.0,380840,0.25413982977345473,102,468.0,489500.0,60.0,0.0
40,0.0,380860,0.14957660877037848,102,468.0,489500.0,60.0,0.0
41,0.0,380870,2.701589667405627,102,468.0,489500.0,60.0,0.0
42,0.0,380880,0.0018197020305007908,102,468.0,489500.0,60.0,0.0
43,0.0,380890,0.034723418751634635,102,468.0,489500.0,60.0,0.0
44,0.0,380900,0.0035629681096110495,102,468.0,489500.0,60.0,0.0
45,0.0,390890,0.10069074519883427,102,468.0,489500.0,60.0,0.0
46,0.0,390900,0.2577237011258765,102,468.0,489500.0,60.0,0.0
47,0.0,390910,0.1406652368326006,102,468.0,489500.0,60.0,0.0
48,0.0,40090,0.000656825431077429,102,468.0,489500.0,60.0,0.0
49,0.0013955,400900,0.008981326788449803,102,468.0,489500.0,60.0,0.0
50,0.00030771,400910,0.10593458859427347,102,468.0,489500.0,60.0,0.0
51,0.000475519,400920,0.027071960415602853,102,468.0,489500.0,60.0,0.0
52,0.0,400930,0.0,102,468.0,489500.0,60.0,0.0
53,0.000492387,400940,0.00928562552557508,102,468.0,489500.0,60.0,0.0
54,0.0,400950,0.0,102,468.0,489500.0,60.0,0.0
55,8.10186e-05,400960,0.04901151743041112,102,468.0,489500.0,60.0,0.0
56,0.0,410930,0.24084750206742805,102,468.0,489500.0,60.0,0.0
57,0.0,410940,2.7394802582416893,102,468.0,489500.0,60.0,0.0
58,0.0,410950,1.1367550911972402,102,468.0,489500.0,60.0,0.0
59,0.0,420940,0.0538713630833323,102,468.0,489500.0,60.0,0.0
60,0.0,420950,2.4967877488074928,102,468.0,489500.0,60.0,0.0
61,0.0,420960,0.30930262360977917,102,468.0,489500.0,60.0,0.0
62,0.0,420970,0.428785248402725,102,468.0,489500.0,60.0,0.0
63,0.0,420980,0.1151865122862516,102,468.0,489500.0,60.0,0.0
64,0.0,420990,1.1966102514851855,102,468.0,489500.0,60.0,0.0
65,0.0,421000,0.07860589551766654,102,468.0,489500.0,60.0,0.0
66,0.0,430990,6.220023327562801,102,468.0,489500.0,60.0,0.0
67,0.0,440980,0.7192067531416187,102,468.0,489500.0,60.0,0.0
68,0.0,440990,2.928287024771773,102,468.0,489500.0,60.0,0.0
69,0.0,441000,0.5603432105849825,102,468.0,489500.0,60.0,0.0
70,0.0,441010,1.969147776580773,102,468.0,489500.0,60.0,0.0
71,0.0,441020,0.1775942822163825,102,468.0,489500.0,60.0,0.0
72,0.0,441030,0.7681815168196481,102,468.0,489500.0,60.0,0.0
73,0.0,441040,0.14029104645485907,102,468.0,489500.0,60.0,0.0
74,0.0,441050,0.14059502892531106,102,468.0,489500.0,60.0,0.0
75,0.0,441060,0.046206040785622654,102,468.0,489500.0,60.0,0.0
76,0.0,451030,24.48229745245538,102,468.0,489500.0,60.0,0.0
77,0.0,451050,1256.5281444833297,102,468.0,489500.0,60.0,0.0
78,0.0,461040,0.35121252119113744,102,468.0,489500.0,60.0,0.0
79,0.0,461050,2.8039992753415617,102,468.0,489500.0,60.0,0.0
80,0.0,461060,0.17103354541055882,102,468.0,489500.0,60.0,0.0
81,0.0,461070,1.7965828247481102,102,468.0,489500.0,60.0,0.0
82,0.0,461080,3.959160871744735,102,468.0,489500.0,60.0,0.0
83,0.0,461100,0.07037782437883751,102,468.0,489500.0,60.0,0.0
84,0.0,471070,4.006775725779333,102,468.0,489500.0,60.0,0.0
85,0.0,471090,25.252962217752483,102,468.0,489500.0,60.0,0.0
86,0.0,471110,1.6477514848803756,102,468.0,489500.0,60.0,0.0
87,0.0,473100,0.0,102,468.0,489500.0,60.0,0.0
88,0.0,481080,0.2791785989874584,102,468.0,489500.0,60.0,0.0
89,0.0,481100,1.3227221809186356,102,468.0,489500.0,60.0,0.0
90,0.0,481110,1.186364516365063,102,468.0,489500.0,60.0,0.0
91,0.0,481120,0.3580592439253733,102,468.0,489500.0,60.0,0.0
92,0.0,481130,2586.809820015132,102,468.0,489500.0,60.0,0.0
93,0.0,481140,0.23213808227678628,102,468.0,489500.0,60.0,0.0
94,0.0,481160,0.03903857399897874,102,468.0,489500.0,60.0,0.0
95,0.0,483150,0.0,102,468.0,489500.0,60.0,0.0
96,0.0,491130,5.497122878519921,102,468.0,489500.0,60.0,0.0
97,0.0,491150,58.616108713711036,102,468.0,489500.0,60.0,0.0
98,0.0,50100,0.036063607762818674,102,468.0,489500.0,60.0,0.0
99,0.0,50110,0.0004030818579359346,102,468.0,489500.0,60.0,0.0
100,0.0,501120,0.525465977339245,102,468.0,489500.0,60.0,0.0
101,0.0,501130,3.69279240332283,102,468.0,489500.0,60.0,0.0
102,0.0,501140,0.1540854427048435,102,468.0,489500.0,60.0,0.0
103,0.0,501150,4.104449176391467,102,468.0,489500.0,60.0,0.0
104,0.0,501160,0.2076576959261704,102,468.0,489500.0,60.0,0.0
105,0.0,501170,0.34874953494077937,102,468.0,489500.0,60.0,0.0
106,0.0,501180,0.08220302295966024,102,468.0,489500.0,60.0,0.0
107,0.0,501190,0.23905176180364415,102,468.0,489500.0,60.0,0.0
108,0.0,501200,0.031192382463602057,102,468.0,489500.0,60.0,0.0
109,0.0,501220,0.021737169225212658,102,468.0,489500.0,60.0,0.0
110,0.0,501230,1.2356930375624275,102,468.0,489500.0,60.0,0.0
111,0.0,501240,0.12895325667056903,102,468.0,489500.0,60.0,0.0
112,0.0,501250,0.15025824220853623,102,468.0,489500.0,60.0,0.0
113,0.0,501260,0.009353133428194238,102,468.0,489500.0,60.0,0.0
114,0.0,511210,2.9671900776530955,102,468.0,489500.0,60.0,0.0
115,0.0,511230,1.8863857813258942,102,468.0,489500.0,60.0,0.0
116,0.0,511240,3.3019806237156413,102,468.0,489500.0,60.0,0.0
117,0.0,511250,1.284132148007921,102,468.0,489500.0,60.0,0.0
118,0.0,511260,3.5604873337650855,102,468.0,489500.0,60.0,0.0
119,0.0,521220,1.4036061814915373,102,468.0,489500.0,60.0,0.0
120,0.0,521230,106.4530919071401,102,468.0,489500.0,60.0,0.0
121,0.0,521240,0.5074829194948501,102,468.0,489500.0,60.0,0.0
122,0.0,521250,0.433824160082448,102,468.0,489500.0,60.0,0.0
123,0.0,521260,0.14959930453464187,102,468.0,489500.0,60.0,0.0
124,0.0,521280,0.038078863169267556,102,468.0,489500.0,60.0,0.0
125,0.0,521300,0.01794542497415715,102,468.0,489500.0,60.0,0.0
126,0.0,521320,0.012238101336355597,102,468.0,489500.0,60.0,0.0
127,0.0,523270,0.0,102,468.0,489500.0,60.0,0.0
128,0.0,523290,0.0,102,468.0,489500.0,60.0,0.0
129,0.0,531270,2.6905252576812426,102,468.0,489500.0,60.0,0.0
130,0.0,531290,2.435536293574782,102,468.0,489500.0,60.0,0.0
131,0.0,531300,2.4098163557844394,102,468.0,489500.0,60.0,0.0
132,0.0,531310,6.451591475906991,102,468.0,489500.0,60.0,0.0
133,0.0,531350,5.751002175500978,102,468.0,489500.0,60.0,0.0
134,0.0,541260,1.2339008718070068,102,468.0,489500.0,60.0,0.0
135,0.0,541280,0.547695953320962,102,468.0,489500.0,60.0,0.0
136,0.0,541290,4.964920170625086,102,468.0,489500.0,60.0,0.0
137,0.0,541300,0.4007725316964119,102,468.0,489500.0,60.0,0.0
138,0.0,541310,18.016538249286988,102,468.0,489500.0,60.0,0.0
139,0.0,541320,0.11570274140336019,102,468.0,489500.0,60.0,0.0
140,0.0,541330,13.794559872280274,102,468.0,489500.0,60.0,0.0
141,0.0,541340,0.02669450750625833,102,468.0,489500.0,60.0,0.0
142,0.0,541350,208453.8782723743,102,468.0,489500.0,60.0,0.0
143,0.0,541360,0.019310938251155145,102,468.0,489500.0,60.0,0.0
144,0.0,551330,7.397135667181448,102,468.0,489500.0,60.0,0.0
145,0.0,551340,10.726497297086919,102,468.0,489500.0,60.0,0.0
146,0.0,551350,1.311920669828005,102,468.0,489500.0,60.0,0.0
147,0.0,551360,1.6327594198124369,102,468.0,489500.0,60.0,0.0
148,0.0,551370,0.023315426631213183,102,468.0,489500.0,60.0,0.0
149,0.0,561320,1.2764562767613614,102,468.0,489500.0,60.0,0.0
150,0.0,561330,1.784572783492957,102,468.0,489500.0,60.0,0.0
151,0.0,561340,0.4882167457063505,102,468.0,489500.0,60.0,0.0
152,0.0,561350,1.9014590424445468,102,468.0,489500.0,60.0,0.0
153,0.0,561360,0.08219966079857521,102,468.0,489500.0,60.0,0.0
154,0.0,561370,0.2930482973328933,102,468.0,489500.0,60.0,0.0
155,0.0,561380,0.03128300252730624,102,468.0,489500.0,60.0,0.0
156,0.0,561400,0.31870234879752907,102,468.0,489500.0,60.0,0.0
157,0.0,571380,8.615016421730413,102,468.0,489500.0,60.0,0.0
158,0.0,571390,0.7611893642970122,102,468.0,489500.0,60.0,0.0
159,0.0,571400,1.1639204818290512,102,468.0,489500.0,60.0,0.0
160,0.0,581380,0.23728197757587835,102,468.0,489500.0,60.0,0.0
161,0.0,581390,34.21352628622669,102,468.0,489500.0,60.0,0.0
162,0.0,581400,0.043777735404393905,102,468.0,489500.0,60.0,0.0
163,0.0,581410,4.085848959186977,102,468.0,489500.0,60.0,0.0
164,0.0,581420,0.0782705359962886,102,468.0,489500.0,60.0,0.0
165,0.0,581430,0.9224301820831206,102,468.0,489500.0,60.0,0.0
166,0.0,581440,0.10642596109249872,102,468.0,489500.0,60.0,0.0
167,0.0,591410,1.031332234005455,102,468.0,489500.0,60.0,0.0
168,0.0,591420,2.516456231551941,102,468.0,489500.0,60.0,0.0
169,0.0,591430,7.802194151731783,102,468.0,489500.0,60.0,0.0
170,0.0,60120,0.0,102,468.0,489500.0,60.0,0.0
171,0.0,601420,1.3197491830234267,102,468.0,489500.0,60.0,0.0
172,0.0,601430,23.070512591072696,102,468.0,489500.0,60.0,0.0
173,0.0,601440,0.30940193203018945,102,468.0,489500.0,60.0,0.0
174,0.0,601450,6.653087225225113,102,468.0,489500.0,60.0,0.0
175,0.0,601460,0.1504355692712939,102,468.0,489500.0,60.0,0.0
176,0.0,601470,35.820707614922846,102,468.0,489500.0,60.0,0.0
177,0.0,601480,0.4231782296090568,102,468.0,489500.0,60.0,0.0
178,0.0,601500,0.3120690451658302,102,468.0,489500.0,60.0,0.0
179,0.0,611470,38.76823227989987,102,468.0,489500.0,60.0,0.0
180,0.0,611480,172.5667708081651,102,468.0,489500.0,60.0,0.0
181,0.0,611490,114.90402699488125,102,468.0,489500.0,60.0,0.0
182,0.0,611510,50.3397827263896,102,468.0,489500.0,60.0,0.0
183,0.0,613480,0.0,102,468.0,489500.0,60.0,0.0
184,0.0,621470,14.42933951776618,102,468.0,489500.0,60.0,0.0
185,0.0,621480,0.7301317316204401,102,468.0,489500.0,60.0,0.0
186,0.0,621490,5404.50409085163,102,468.0,489500.0,60.0,0.0
187,0.0,621500,9.790407118304211,102,468.0,489500.0,60.0,0.0
188,0.0,621510,816.8244033788749,102,468.0,489500.0,60.0,0.0
189,0.0,621520,53.86702229397332,102,468.0,489500.0,60.0,0.0
190,0.0,621530,94.65439487564296,102,468.0,489500.0,60.0,0.0
191,0.0,621540,1.0970124827195398,102,468.0,489500.0,60.0,0.0
192,0.0,631510,629.7621027549102,102,468.0,489500.0,60.0,0.0
193,0.0,631520,686.2251355846712,102,468.0,489500.0,60.0,0.0
194,0.0,631530,39.18117997832937,102,468.0,489500.0,60.0,0.0
195,0.0,631540,163.4929445125976,102,468.0,489500.0,60.0,0.0
196,0.0,631550,509.7076606055322,102,468.0,489500.0,60.0,0.0
197,0.0,631560,31.525063418977993,102,468.0,489500.0,60.0,0.0
198,0.0,631570,18.40671671316304,102,468.0,489500.0,60.0,0.0
199,0.0,641520,54.546714802348895,102,468.0,489500.0,60.0,0.0
200,0.0,641540,8.688879089397581,102,468.0,489500.0,60.0,0.0
201,0.0,641550,2864.2722027356062,102,468.0,489500.0,60.0,0.0
202,0.0,641560,1.70253430431669,102,468.0,489500.0,60.0,0.0
203,0.0,641570,12155.344332335944,102,468.0,489500.0,60.0,0.0
204,0.0,641580,1.1553186787640268,102,468.0,489500.0,60.0,0.0
205,0.0,641600,0.2247456514141955,102,468.0,489500.0,60.0,0.0
206,0.0,651590,7.4675759290349095,102,468.0,489500.0,60.0,0.0
207,0.0,651600,71.06619580162655,102,468.0,489500.0,60.0,0.0
208,0.0,661580,6.428224741882854,102,468.0,489500.0,60.0,0.0
209,0.0,661600,18.77870353393197,102,468.0,489500.0,60.0,0.0
210,0.0,661610,53.05989895756791,102,468.0,489500.0,60.0,0.0
211,0.0,661620,48.38592033988019,102,468.0,489500.0,60.0,0.0
212,0.0,661630,29.01128726289963,102,468.0,489500.0,60.0,0.0
213,0.0,661640,172.8986439509048,102,468.0,489500.0,60.0,0.0
214,0.0,671650,13.74298685937753,102,468.0,489500.0,60.0,0.0
215,0.0,673660,0.0,102,468.0,489500.0,60.0,0.0
216,0.0,681640,3.3995204246322843,102,468.0,489500.0,60.0,0.0
217,0.0,681660,2.5274005131206954,102,468.0,489500.0,60.0,0.0
218,0.0,681670,123.6770841791937,102,468.0,489500.0,60.0,0.0
219,0.0,681680,0.7446994231128492,102,468.0,489500.0,60.0,0.0
220,0.0,681700,1.2252223802510804,102,468.0,489500.0,60.0,0.0
221,0.000920796,70140,0.00542046674286675,102,468.0,489500.0,60.0,0.0
222,3.32698e-06,70150,6.749547109959773e-06,102,468.0,489500.0,60.0,0.0
223,1.22621e-08,80160,1.385835004421307e-05,102,468.0,489500.0,60.0,0.0
224,0.0,80170,0.0003161567548229609,102,468.0,489500.0,60.0,0.0
225,0.0,822060,0.004705691293886142,102,468.0,489500.0,60.0,0.0
226,0.0,822070,0.053143322723026916,102,468.0,489500.0,60.0,0.0
227,0.0,822080,0.0002907067396672188,102,468.0,489500.0,60.0,0.0
228,0.0,832090,0.006057935777465035,102,468.0,489500.0,60.0,0.0
229,0.0,882230,14.365550636419115,102,468.0,489500.0,60.0,0.0
230,0.0,882240,1.2252267040402027,102,468.0,489500.0,60.0,0.0
231,0.0,882250,14.520663490590712,102,468.0,489500.0,60.0,0.0
232,0.0,882260,5.4918455615993915,102,468.0,489500.0,60.0,0.0
233,0.0,892250,87.5513033732704,102,468.0,489500.0,60.0,0.0
234,0.0,892260,32.16185849762744,102,468.0,489500.0,60.0,0.0
235,0.0,892270,99.36791535688043,102,468.0,489500.0,60.0,0.0
236,0.0,902270,121.26102003599317,102,468.0,489500.0,60.0,0.0
237,0.0,902280,23.887788819075137,102,468.0,489500.0,60.0,0.0
238,0.0,902290,22.293982928150648,102,468.0,489500.0,60.0,0.0
239,0.0,902300,13.295312727510494,102,468.0,489500.0,60.0,0.0
240,0.0,902320,1.7001983194674504,102,468.0,489500.0,60.0,0.0
241,0.0,902340,1.4472260859352621,102,468.0,489500.0,60.0,0.0
242,0.0,912310,33.091840544318934,102,468.0,489500.0,60.0,0.0
243,0.0,912320,46.69774256379758,102,468.0,489500.0,60.0,0.0
244,0.0,912330,14.110078313800704,102,468.0,489500.0,60.0,0.0
245,0.0,922320,6.93825078991942,102,468.0,489500.0,60.0,0.0
246,0.0,922330,5.163136465196219,102,468.0,489500.0,60.0,0.0
247,0.0,922340,14.720461901411081,102,468.0,489500.0,60.0,0.0
248,0.000184383,922350,8.090360896030788,102,468.0,489500.0,60.0,0.0
249,0.0,922360,4.847487189543298,102,468.0,489500.0,60.0,0.0
250,0.0,922370,34.41994456303787,102,468.0,489500.0,60.0,0.0
251,0.00073974,922380,0.9420767372560497,102,468.0,489500.0,60.0,0.0
252,0.0,922390,6.86304967494053,102,468.0,489500.0,60.0,0.0
253,0.0,922400,18.820143111479208,102,468.0,489500.0,60.0,0.0
254,0.0,922410,34.71144641282553,102,468.0,489500.0,60.0,0.0
255,0.0,932350,22.788495673969088,102,468.0,489500.0,60.0,0.0
256,0.0,932360,11.60920305443812,102,468.0,489500.0,60.0,0.0
257,0.0,932370,22.38213535052869,102,468.0,489500.0,60.0,0.0
258,0.0,932380,32.514729713050954,102,468.0,489500.0,60.0,0.0
259,0.0,932390,11.324822325109288,102,468.0,489500.0,60.0,0.0
260,0.0,942360,5.632400561630528,102,468.0,489500.0,60.0,0.0
261,0.0,942370,38.298209306539796,102,468.0,489500.0,60.0,0.0
262,0.0,942380,34.37202657361165,102,468.0,489500.0,60.0,0.0
263,0.0,942390,38.636602283200276,102,468.0,489500.0,60.0,0.0
264,0.0,942400,132.41008593214852,102,468.0,489500.0,60.0,0.0
265,0.0,942410,31.479626525350902,102,468.0,489500.0,60.0,0.0
266,0.0,942420,18.866544600899207,102,468.0,489500.0,60.0,0.0
267,0.0,942430,9.278436558292753,102,468.0,489500.0,60.0,0.0
268,0.0,942440,1.4835644260022667,102,468.0,489500.0,60.0,0.0
269,0.0,942460,62.24275519036529,102,468.0,489500.0,60.0,0.0
270,0.0,952410,75.22349937105352,102,468.0,489500.0,60.0,0.0
271,0.0,952420,19.288320132203307,102,468.0,489500.0,60.0,0.0
272,0.0,952430,29.951596203280484,102,468.0,489500.0,60.0,0.0
273,0.0,952440,46.11378600376123,102,468.0,489500.0,60.0,0.0
274,0.0,953420,0.0,102,468.0,489500.0,60.0,0.0
275,0.0,953440,0.0,102,468.0,489500.0,60.0,0.0
276,0.0,962400,19.859073593588484,102,468.0,489500.0,60.0,0.0
277,0.0,962410,18.074292220367905,102,468.0,489500.0,60.0,0.0
278,0.0,962420,2.6807170694207465,102,468.0,489500.0,60.0,0.0
279,0.0,962430,11.083794921412824,102,468.0,489500.0,60.0,0.0
280,0.0,962440,10.104643616193192,102,468.0,489500.0,60.0,0.0
281,0.0,962450,20.983988200714883,102,468.0,489500.0,60.0,0.0
282,0.0,962460,1.7265842104355298,102,468.0,489500.0,60.0,0.0
283,0.0,962470,11.536189976710299,102,468.0,489500.0,60.0,0.0
284,0.0,962480,3.52392476999863,102,468.0,489500.0,60.0,0.0
285,0.0,962490,0.9615992878270833,102,468.0,489500.0,60.0,0.0
286,0.0,962500,9.556602495236197,102,468.0,489500.0,60.0,0.0
287,0.0,972490,177.15297345036305,102,468.0,489500.0,60.0,0.0
288,0.0,982490,38.68443345808476,102,468.0,489500.0,60.0,0.0
289,0.0,982510,207.8696137708144,102,468.0,489500.0,60.0,0.0
290,0.0,10010,0.0,107,468.0,489500.0,60.0,0.0
291,0.0,10020,0.0,107,468.0,489500.0,60.0,0.0
292,0.0,20030,0.0,107,468.0,489500.0,60.0,0.0
293,0.0,280600,0.00022823165207483715,107,468.0,489500.0,60.0,0.0
294,0.0,280610,0.0003492030667990983,107,468.0,489500.0,60.0,0.0
295,0.0,280620,7.094385715442194e-06,107,468.0,489500.0,60.0,0.0
296,0.0,280640,1.504993655113148e-06,107,468.0,489500.0,60.0,0.0
297,0.0,290630,7.128919322045509e-05,107,468.0,489500.0,60.0,0.0
298,0.0,290650,1.830395626019703e-06,107,468.0,489500.0,60.0,0.0
299,0.0,30060,0.0,107,468.0,489500.0,60.0,0.0
300,0.0,300640,5.8105597773155825e-05,107,468.0,489500.0,60.0,0.0
301,0.0,30070,0.0,107,468.0,489500.0,60.0,0.0
302,0.0,310690,5.9399253387592936e-05,107,468.0,489500.0,60.0,0.0
303,0.0,310710,1.8887478815089734e-06,107,468.0,489500.0,60.0,0.0
304,0.0,320700,0.00048125652575566985,107,468.0,489500.0,60.0,0.0
305,0.0,320720,1.2777205491138706e-05,107,468.0,489500.0,60.0,0.0
306,0.0,320730,1.7172322406685517e-05,107,468.0,489500.0,60.0,0.0
307,0.0,320740,7.964861553933718e-07,107,468.0,489500.0,60.0,0.0
308,0.0,320760,2.13595508263485e-08,107,468.0,489500.0,60.0,0.0
309,0.0,330740,0.0,107,468.0,489500.0,60.0,0.0
310,0.0,330750,0.0,107,468.0,489500.0,60.0,0.0
311,0.0,340740,0.0005715636241639993,107,468.0,489500.0,60.0,0.0
312,0.0,340760,3.441722262525998e-05,107,468.0,489500.0,60.0,0.0
313,0.0,340770,9.955065737361912e-05,107,468.0,489500.0,60.0,0.0
314,0.0,340780,2.3313580579876205e-06,107,468.0,489500.0,60.0,0.0
315,0.0,340790,1.045677607948389e-05,107,468.0,489500.0,60.0,0.0
316,0.0,340800,1.4622864589690258e-06,107,468.0,489500.0,60.0,0.0
317,0.0,340820,6.225939918797404e-09,107,468.0,489500.0,60.0,0.0
318,0.0,350790,7.42755679386746e-06,107,468.0,489500.0,60.0,0.0
319,0.0,350810,5.016088400296414e-07,107,468.0,489500.0,60.0,0.0
320,0.0,360800,2.5250133657354936e-05,107,468.0,489500.0,60.0,0.0
321,0.0,360820,3.118067959224341e-06,107,468.0,489500.0,60.0,0.0
322,0.0,360830,8.115512028057697e-07,107,468.0,489500.0,60.0,0.0
323,0.0,360840,2.1046344369994892e-07,107,468.0,489500.0,60.0,0.0
324,0.0,360850,1.7216891746478522e-07,107,468.0,489500.0,60.0,0.0
325,0.0,360860,2.926473220268267e-08,107,468.0,489500.0,60.0,0.0
326,0.0,370850,6.904553907563549e-07,107,468.0,489500.0,60.0,0.0
327,0.0,370860,1.0559117662809958e-06,107,468.0,489500.0,60.0,0.0
328,0.0,370870,1.3045537338248664e-07,107,468.0,489500.0,60.0,0.0
329,0.0,380840,1.3266170833696586e-05,107,468.0,489500.0,60.0,0.0
330,0.0,380860,9.367193092797629e-07,107,468.0,489500.0,60.0,0.0
331,0.0,380870,3.862299616404917e-06,107,468.0,489500.0,60.0,0.0
332,0.0,380880,7.021159205970633e-08,107,468.0,489500.0,60.0,0.0
333,0.0,380890,5.220397611871521e-07,107,468.0,489500.0,60.0,0.0
334,0.0,380900,1.0919640884012306e-07,107,468.0,489500.0,60.0,0.0
335,0.0,390890,5.04076943538042e-07,107,468.0,489500.0,60.0,0.0
336,0.0,390900,0.0,107,468.0,489500.0,60.0,0.0
337,0.0,390910,4.6931743754125516e-07,107,468.0,489500.0,60.0,0.0
338,0.0,40090,0.0058124677113820635,107,468.0,489500.0,60.0,0.0
339,0.0013955,400900,8.205184928947728e-07,107,468.0,489500.0,60.0,0.0
340,0.00030771,400910,1.9399873587984007e-05,107,468.0,489500.0,60.0,0.0
341,0.000475519,400920,7.594333126486742e-06,107,468.0,489500.0,60.0,0.0
342,0.0,400930,0.0,107,468.0,489500.0,60.0,0.0
343,0.000492387,400940,7.968601104704021e-07,107,468.0,489500.0,60.0,0.0
344,0.0,400950,0.0,107,468.0,489500.0,60.0,0.0
345,8.10186e-05,400960,1.0838897114318807e-07,107,468.0,489500.0,60.0,0.0
346,0.0,410930,1.5749537996354322e-05,107,468.0,489500.0,60.0,0.0
347,0.0,410940,1.3835956263310624e-05,107,468.0,489500.0,60.0,0.0
348,0.0,410950,2.97495000902943e-06,107,468.0,489500.0,60.0,0.0
349,0.0,420940,0.00012808342975103684,107,468.0,489500.0,60.0,0.0
350,0.0,420950,9.373981955774477e-05,107,468.0,489500.0,60.0,0.0
351,0.0,420960,1.1655798164223533e-05,107,468.0,489500.0,60.0,0.0
352,0.0,420970,1.3077361678477576e-05,107,468.0,489500.0,60.0,0.0
353,0.0,420980,1.2409584755209048e-06,107,468.0,489500.0,60.0,0.0
354,0.0,420990,9.795562449404058e-07,107,468.0,489500.0,60.0,0.0
355,0.0,421000,2.261748991506109e-07,107,468.0,489500.0,60.0,0.0
356,0.0,430990,1.4086506164920977e-06,107,468.0,489500.0,60.0,0.0
357,0.0,440980,8.860980026278755e-05,107,468.0,489500.0,60.0,0.0
358,0.0,440990,0.00015000940804304235,107,468.0,489500.0,60.0,0.0
359,0.0,441000,9.502885363605793e-06,107,468.0,489500.0,60.0,0.0
360,0.0,441010,3.3703121062857286e-06,107,468.0,489500.0,60.0,0.0
361,0.0,441020,2.603933150461435e-06,107,468.0,489500.0,60.0,0.0
362,0.0,441030,1.5570573599192955e-06,107,468.0,489500.0,60.0,0.0
363,0.0,441040,1.3989964701157012e-07,107,468.0,489500.0,60.0,0.0
364,0.0,441050,5.011005663943308e-07,107,468.0,489500.0,60.0,0.0
365,0.0,441060,1.587355352895022e-08,107,468.0,489500.0,60.0,0.0
366,0.0,451030,1.6175083428816958e-06,107,468.0,489500.0,60.0,0.0
367,0.0,451050,4.2930882334076447e-07,107,468.0,489500.0,60.0,0.0
368,0.0,461040,1.5733173179417882e-05,107,468.0,489500.0,60.0,0.0
369,0.0,461050,6.104496099597724e-06,107,468.0,489500.0,60.0,0.0
370,0.0,461060,1.8464829108726789e-06,107,468.0,489500.0,60.0,0.0
371,0.0,461070,1.2473767657205485e-06,107,468.0,489500.0,60.0,0.0
372,0.0,461080,4.258974475517835e-07,107,468.0,489500.0,60.0,0.0
373,0.0,461100,2.173327719109418e-08,107,468.0,489500.0,60.0,0.0
374,0.0,471070,1.0982984295019491e-05,107,468.0,489500.0,60.0,0.0
375,0.0,471090,4.0227110809784163e-07,107,468.0,489500.0,60.0,0.0
376,0.0,471110,1.3721785488772373e-07,107,468.0,489500.0,60.0,0.0
377,0.0,473100,0.0,107,468.0,489500.0,60.0,0.0
378,0.0,481080,3.2729464150644964e-06,107,468.0,489500.0,60.0,0.0
379,0.0,481100,4.7192825451782844e-07,107,468.0,489500.0,60.0,0.0
380,0.0,481110,3.041430063641911e-06,107,468.0,489500.0,60.0,0.0
381,0.0,481120,8.738948563386596e-08,107,468.0,489500.0,60.0,0.0
382,0.0,481130,3.790080496120459e-07,107,468.0,489500.0,60.0,0.0
383,0.0,481140,1.742249072148257e-08,107,468.0,489500.0,60.0,0.0
384,0.0,481160,4.00209776132415e-09,107,468.0,489500.0,60.0,0.0
385,0.0,483150,0.0,107,468.0,489500.0,60.0,0.0
386,0.0,491130,5.297478148157374e-07,107,468.0,489500.0,60.0,0.0
387,0.0,491150,2.0570429296451745e-07,107,468.0,489500.0,60.0,0.0
388,0.0,50100,277.4973044132116,107,468.0,489500.0,60.0,0.0
389,0.0,50110,7.1164719601957835e-06,107,468.0,489500.0,60.0,0.0
390,0.0,501120,1.8838177798811852e-05,107,468.0,489500.0,60.0,0.0
391,0.0,501130,0.0001817902473752382,107,468.0,489500.0,60.0,0.0
392,0.0,501140,2.4883657681865167e-06,107,468.0,489500.0,60.0,0.0
393,0.0,501150,4.161166040314846e-06,107,468.0,489500.0,60.0,0.0
394,0.0,501160,3.859788775173427e-07,107,468.0,489500.0,60.0,0.0
395,0.0,501170,5.004915538403098e-07,107,468.0,489500.0,60.0,0.0
396,0.0,501180,3.043002201312693e-08,107,468.0,489500.0,60.0,0.0
397,0.0,501190,7.372325918510954e-08,107,468.0,489500.0,60.0,0.0
398,0.0,501200,8.608369555876602e-09,107,468.0,489500.0,60.0,0.0
399,0.0,501220,1.3528778878607102e-09,107,468.0,489500.0,60.0,0.0
400,0.0,501230,1.3964932606204777e-09,107,468.0,489500.0,60.0,0.0
401,0.0,501240,1.3510767981019515e-10,107,468.0,489500.0,60.0,0.0
402,0.0,501250,2.3825975352770475e-10,107,468.0,489500.0,60.0,0.0
403,0.0,501260,6.376376704071339e-12,107,468.0,489500.0,60.0,0.0
404,0.0,511210,8.317600404144819e-08,107,468.0,489500.0,60.0,0.0
405,0.0,511230,2.6319110956123198e-08,107,468.0,489500.0,60.0,0.0
406,0.0,511240,7.058287602904363e-08,107,468.0,489500.0,60.0,0.0
407,0.0,511250,3.2367796168408206e-08,107,468.0,489500.0,60.0,0.0
408,0.0,511260,2.1261711967419327e-08,107,468.0,489500.0,60.0,0.0
409,0.0,521220,6.933340816758622e-06,107,468.0,489500.0,60.0,0.0
410,0.0,521230,2.8465909315880588e-05,107,468.0,489500.0,60.0,0.0
411,0.0,521240,7.218645645324e-07,107,468.0,489500.0,60.0,0.0
412,0.0,521250,8.799391914612731e-07,107,468.0,489500.0,60.0,0.0
413,0.0,521260,1.9101014795810342e-07,107,468.0,489500.0,60.0,0.0
414,0.0,521280,2.899578981667144e-08,107,468.0,489500.0,60.0,0.0
415,0.0,521300,3.855545529809572e-08,107,468.0,489500.0,60.0,0.0
416,0.0,521320,9.540051919220853e-09,107,468.0,489500.0,60.0,0.0
417,0.0,523270,0.0,107,468.0,489500.0,60.0,0.0
418,0.0,523290,0.0,107,468.0,489500.0,60.0,0.0
419,0.0,531270,2.8785519593806434e-07,107,468.0,489500.0,60.0,0.0
420,0.0,531290,1.0393966890015319e-07,107,468.0,489500.0,60.0,0.0
421,0.0,531300,2.0676968334724074e-07,107,468.0,489500.0,60.0,0.0
422,0.0,531310,4.357545877909656e-08,107,468.0,489500.0,60.0,0.0
423,0.0,531350,1.0180659861382685e-07,107,468.0,489500.0,60.0,0.0
424,0.0,541260,8.703232037662062e-06,107,468.0,489500.0,60.0,0.0
425,0.0,541280,1.3620588665886192e-06,107,468.0,489500.0,60.0,0.0
426,0.0,541290,1.4998651283424458e-06,107,468.0,489500.0,60.0,0.0
427,0.0,541300,8.953858256635074e-08,107,468.0,489500.0,60.0,0.0
428,0.0,541310,5.66356490509758e-07,107,468.0,489500.0,60.0,0.0
429,0.0,541320,4.277328698018507e-08,107,468.0,489500.0,60.0,0.0
430,0.0,541330,6.978024632595618e-08,107,468.0,489500.0,60.0,0.0
431,0.0,541340,3.420025236321971e-08,107,468.0,489500.0,60.0,0.0
432,0.0,541350,5.396370186691243e-08,107,468.0,489500.0,60.0,0.0
433,0.0,541360,2.441529802722529e-08,107,468.0,489500.0,60.0,0.0
434,0.0,551330,3.557350698691044e-07,107,468.0,489500.0,60.0,0.0
435,0.0,551340,2.3209560014571632e-07,107,468.0,489500.0,60.0,0.0
436,0.0,551350,7.745372818925685e-08,107,468.0,489500.0,60.0,0.0
437,0.0,551360,7.410393019005393e-08,107,468.0,489500.0,60.0,0.0
438,0.0,551370,3.153715799322481e-08,107,468.0,489500.0,60.0,0.0
439,0.0,561320,4.497893507840036e-06,107,468.0,489500.0,60.0,0.0
440,0.0,561330,3.4419588463502424e-05,107,468.0,489500.0,60.0,0.0
441,0.0,561340,1.1160116893751635e-06,107,468.0,489500.0,60.0,0.0
442,0.0,561350,1.3563579595979723e-06,107,468.0,489500.0,60.0,0.0
443,0.0,561360,1.956815337264768e-07,107,468.0,489500.0,60.0,0.0
444,0.0,561370,2.154523096969848e-07,107,468.0,489500.0,60.0,0.0
445,0.0,561380,3.155501625608708e-07,107,468.0,489500.0,60.0,0.0
446,0.0,561400,1.6904601290827683e-07,107,468.0,489500.0,60.0,0.0
447,0.0,571380,6.125368898285031e-07,107,468.0,489500.0,60.0,0.0
448,0.0,571390,1.027826976822388e-07,107,468.0,489500.0,60.0,0.0
449,0.0,571400,8.29691839886416e-05,107,468.0,489500.0,60.0,0.0
450,0.0,581380,1.44513794757949e-06,107,468.0,489500.0,60.0,0.0
451,0.0,581390,3.5513139953046966e-06,107,468.0,489500.0,60.0,0.0
452,0.0,581400,5.154779943457088e-07,107,468.0,489500.0,60.0,0.0
453,0.0,581410,1.103320162284612e-05,107,468.0,489500.0,60.0,0.0
454,0.0,581420,9.53738081152778e-07,107,468.0,489500.0,60.0,0.0
455,0.0,581430,3.1945455883451857e-06,107,468.0,489500.0,60.0,0.0
456,0.0,581440,2.2315960015194352e-07,107,468.0,489500.0,60.0,0.0
457,0.0,591410,1.5827457841904028e-06,107,468.0,489500.0,60.0,0.0
458,0.0,591420,0.0015643761949983186,107,468.0,489500.0,60.0,0.0
459,0.0,591430,2.026546511526534e-06,107,468.0,489500.0,60.0,0.0
460,0.0,60120,0.0,107,468.0,489500.0,60.0,0.0
461,0.0,601420,2.619914006202284e-06,107,468.0,489500.0,60.0,0.0
462,0.0,601430,0.0016436002242412166,107,468.0,489500.0,60.0,0.0
463,0.0,601440,5.20028035507454e-06,107,468.0,489500.0,60.0,0.0
464,0.0,601450,3.5438292798251406e-05,107,468.0,489500.0,60.0,0.0
465,0.0,601460,8.414676089447399e-07,107,468.0,489500.0,60.0,0.0
466,0.0,601470,9.357958691915858e-07,107,468.0,489500.0,60.0,0.0
467,0.0,601480,1.334836463328061e-07,107,468.0,489500.0,60.0,0.0
468,0.0,601500,2.72124820034125e-08,107,468.0,489500.0,60.0,0.0
469,0.0,611470,1.660528440212721e-06,107,468.0,489500.0,60.0,0.0
470,0.0,611480,2.920505202508313e-06,107,468.0,489500.0,60.0,0.0
471,0.0,611490,3.9745471934041573e-07,107,468.0,489500.0,60.0,0.0
472,0.0,611510,4.022115805549674e-08,107,468.0,489500.0,60.0,0.0
473,0.0,613480,0.0,107,468.0,489500.0,60.0,0.0
474,0.0,621470,0.00014155850937379349,107,468.0,489500.0,60.0,0.0
475,0.0,621480,5.77766699400944e-06,107,468.0,489500.0,60.0,0.0
476,0.0,621490,0.005481800272455257,107,468.0,489500.0,60.0,0.0
477,0.0,621500,5.689779919171036e-07,107,468.0,489500.0,60.0,0.0
478,0.0,621510,1.0276667103608035e-06,107,468.0,489500.0,60.0,0.0
479,0.0,621520,8.770314999439552e-08,107,468.0,489500.0,60.0,0.0
480,0.0,621530,2.2236895227479356e-07,107,468.0,489500.0,60.0,0.0
481,0.0,621540,2.1892017065622158e-08,107,468.0,489500.0,60.0,0.0
482,0.0,631510,2.529902012006028e-06,107,468.0,489500.0,60.0,0.0
483,0.0,631520,1.350718106497453e-06,107,468.0,489500.0,60.0,0.0
484,0.0,631530,8.061028008356893e-07,107,468.0,489500.0,60.0,0.0
485,0.0,631540,1.2538637492293042e-06,107,468.0,489500.0,60.0,0.0
486,0.0,631550,2.283720819068485e-06,107,468.0,489500.0,60.0,0.0
487,0.0,631560,5.859067093021808e-08,107,468.0,489500.0,60.0,0.0
488,0.0,631570,2.7114337875032692e-08,107,468.0,489500.0,60.0,0.0
489,0.0,641520,0.000693582683453103,107,468.0,489500.0,60.0,0.0
490,0.0,641540,3.6300811453053195e-07,107,468.0,489500.0,60.0,0.0
491,0.0,641550,3.3643818822624642e-06,107,468.0,489500.0,60.0,0.0
492,0.0,641560,1.4327516396198921e-07,107,468.0,489500.0,60.0,0.0
493,0.0,641570,2.1746137099217865e-05,107,468.0,489500.0,60.0,0.0
494,0.0,641580,7.854964551704383e-08,107,468.0,489500.0,60.0,0.0
495,0.0,641600,3.913905417035109e-08,107,468.0,489500.0,60.0,0.0
496,0.0,651590,1.5788383352222487e-07,107,468.0,489500.0,60.0,0.0
497,0.0,651600,2.96522717702664e-07,107,468.0,489500.0,60.0,0.0
498,0.0,661580,9.222648007920989e-07,107,468.0,489500.0,60.0,0.0
499,0.0,661600,2.665643369907713e-07,107,468.0,489500.0,60.0,0.0
500,0.0,661610,3.428939104280572e-07,107,468.0,489500.0,60.0,0.0
501,0.0,661620,8.717045480303389e-08,107,468.0,489500.0,60.0,0.0
502,0.0,661630,1.1780958638984718e-07,107,468.0,489500.0,60.0,0.0
503,0.0,661640,2.984138619493604e-08,107,468.0,489500.0,60.0,0.0
504,0.0,671650,0.0,107,468.0,489500.0,60.0,0.0
505,0.0,673660,0.0,107,468.0,489500.0,60.0,0.0
506,0.0,681640,7.615183029965253e-07,107,468.0,489500.0,60.0,0.0
507,0.0,681660,1.9013249828752198e-07,107,468.0,489500.0,60.0,0.0
508,0.0,681670,5.869331778299478e-07,107,468.0,489500.0,60.0,0.0
509,0.0,681680,3.5743465753552615e-08,107,468.0,489500.0,60.0,0.0
510,0.0,681700,9.104279778436475e-09,107,468.0,489500.0,60.0,0.0
511,0.000920796,70140,0.013348746220093907,107,468.0,489500.0,60.0,0.0
512,3.32698e-06,70150,8.515338690794962e-06,107,468.0,489500.0,60.0,0.0
513,1.22621e-08,80160,0.0011129208361874633,107,468.0,489500.0,60.0,0.0
514,0.0,80170,0.03723853332793643,107,468.0,489500.0,60.0,0.0
515,0.0,822060,7.828521004665101e-08,107,468.0,489500.0,60.0,0.0
516,0.0,822070,1.175865631219409e-07,107,468.0,489500.0,60.0,0.0
517,0.0,822080,1.271664227086421e-07,107,468.0,489500.0,60.0,0.0
518,0.0,832090,1.0627116736818385e-06,107,468.0,489500.0,60.0,0.0
519,0.0,882230,0.0,107,468.0,489500.0,60.0,0.0
520,0.0,882240,0.0,107,468.0,489500.0,60.0,0.0
521,0.0,882250,0.0,107,468.0,489500.0,60.0,0.0
522,0.0,882260,0.0,107,468.0,489500.0,60.0,0.0
523,0.0,892250,0.0,107,468.0,489500.0,60.0,0.0
524,0.0,892260,0.0,107,468.0,489500.0,60.0,0.0
525,0.0,892270,0.0,107,468.0,489500.0,60.0,0.0
526,0.0,902270,0.0,107,468.0,489500.0,60.0,0.0
527,0.0,902280,0.0,107,468.0,489500.0,60.0,0.0
528,0.0,902290,0.0,107,468.0,489500.0,60.0,0.0
529,0.0,902300,0.0,107,468.0,489500.0,60.0,0.0
530,0.0,902320,0.0,107,468.0,489500.0,60.0,0.0
531,0.0,902340,0.0,107,468.0,489500.0,60.0,0.0
532,0.0,912310,0.0,107,468.0,489500.0,60.0,0.0
533,0.0,912320,0.0,107,468.0,489500.0,60.0,0.0
534,0.0,912330,0.0,107,468.0,489500.0,60.0,0.0
535,0.0,922320,0.0,107,468.0,489500.0,60.0,0.0
536,0.0,922330,0.0,107,468.0,489500.0,60.0,0.0
537,0.0,922340,0.0,107,468.0,489500.0,60.0,0.0
538,0.0,922350,0.0,107,468.0,489500.0,60.0,0.0
539,0.0,922360,0.0,107,468.0,489500.0,60.0,0.0
540,0.0,922370,0.0,107,468.0,489500.0,60.0,0.0
541,0.0,922380,0.0,107,468.0,489500.0,60.0,0.0
542,0.0,922390,0.0,107,468.0,489500.0,60.0,0.0
543,0.0,922400,0.0,107,468.0,489500.0,60.0,0.0
544,0.0,922410,0.0,107,468.0,489500.0,60.0,0.0
545,0.0,932350,0.0,107,468.0,489500.0,60.0,0.0
546,0.0,932360,0.0,107,468.0,489500.0,60.0,0.0
547,0.0,932370,0.0,107,468.0,489500.0,60.0,0.0
548,0.0,932380,0.0,107,468.0,489500.0,60.0,0.0
549,0.0,932390,0.0,107,468.0,489500.0,60.0,0.0
550,0.0,942360,0.0,107,468.0,489500.0,60.0,0.0
551,0.0,942370,0.0,107,468.0,489500.0,60.0,0.0
552,0.0,942380,0.0,107,468.0,489500.0,60.0,0.0
553,0.0,942390,0.0,107,468.0,489500.0,60.0,0.0
554,0.0,942400,0.0,107,468.0,489500.0,60.0,0.0
555,0.0,942410,0.0,107,468.0,489500.0,60.0,0.0
556,0.0,942420,0.0,107,468.0,489500.0,60.0,0.0
557,0.0,942430,0.0,107,468.0,489500.0,60.0,0.0
558,0.0,942440,0.0,107,468.0,489500.0,60.0,0.0
559,0.0,942460,0.0,107,468.0,489500.0,60.0,0.0
560,0.0,952410,0.0,107,468.0,489500.0,60.0,0.0
561,0.0,952420,0.0,107,468.0,489500.0,60.0,0.0
562,0.0,952430,0.0,107,468.0,489500.0,60.0,0.0
563,0.0,952440,0.0,107,468.0,489500.0,60.0,0.0
564,0.0,953420,0.0,107,468.0,489500.0,60.0,0.0
565,0.0,953440,0.0,107,468.0,489500.0,60.0,0.0
566,0.0,962400,0.0,107,468.0,489500.0,60.0,0.0
567,0.0,962410,0.0,107,468.0,489500.0,60.0,0.0
568,0.0,962420,0.0,107,468.0,489500.0,60.0,0.0
569,0.0,962430,0.0,107,468.0,489500.0,60.0,0.0
570,0.0,962440,0.0,107,468.0,489500.0,60.0,0.0
571,0.0,962450,0.0,107,468.0,489500.0,60.0,0.0
572,0.0,962460,0.0,107,468.0,489500.0,60.0,0.0
573,0.0,962470,0.0,107,468.0,489500.0,60.0,0.0
574,0.0,962480,0.0,107,468.0,489500.0,60.0,0.0
575,0.0,962490,0.0,107,468.0,489500.0,60.0,0.0
576,0.0,962500,0.0,107,468.0,489500.0,60.0,0.0
577,0.0,972490,7.704237760452343e-08,107,468.0,489500.0,60.0,0.0
578,0.0,982490,5.286923456901598e-07,107,468.0,489500.0,60.0,0.0
579,0.0,982510,0.0,107,468.0,489500.0,60.0,0.0
580,0.0,10010,0.0,18,468.0,489500.0,60.0,0.0
581,0.0,10020,0.0,18,468.0,489500.0,60.0,0.0
582,0.0,20030,0.0,18,468.0,489500.0,60.0,0.0
583,0.0,280600,0.0,18,468.0,489500.0,60.0,0.0
584,0.0,280610,0.0,18,468.0,489500.0,60.0,0.0
585,0.0,280620,0.0,18,468.0,489500.0,60.0,0.0
586,0.0,280640,0.0,18,468.0,489500.0,60.0,0.0
587,0.0,290630,0.0,18,468.0,489500.0,60.0,0.0
588,0.0,290650,0.0,18,468.0,489500.0,60.0,0.0
589,0.0,30060,0.0,18,468.0,489500.0,60.0,0.0
590,0.0,300640,0.0,18,468.0,489500.0,60.0,0.0
591,0.0,30070,0.0,18,468.0,489500.0,60.0,0.0
592,0.0,310690,0.0,18,468.0,489500.0,60.0,0.0
593,0.0,310710,0.0,18,468.0,489500.0,60.0,0.0
594,0.0,320700,0.0,18,468.0,489500.0,60.0,0.0
595,0.0,320720,0.0,18,468.0,489500.0,60.0,0.0
596,0.0,320730,0.0,18,468.0,489500.0,60.0,0.0
597,0.0,320740,0.0,18,468.0,489500.0,60.0,0.0
598,0.0,320760,0.0,18,468.0,489500.0,60.0,0.0
599,0.0,330740,0.0,18,468.0,489500.0,60.0,0.0
600,0.0,330750,0.0,18,468.0,489500.0,60.0,0.0
601,0.0,340740,0.0,18,468.0,489500.0,60.0,0.0
602,0.0,340760,0.0,18,468.0,489500.0,60.0,0.0
603,0.0,340770,0.0,18,468.0,489500.0,60.0,0.0
604,0.0,340780,0.0,18,468.0,489500.0,60.0,0.0
605,0.0,340790,0.0,18,468.0,489500.0,60.0,0.0
606,0.0,340800,0.0,18,468.0,489500.0,60.0,0.0
607,0.0,340820,0.0,18,468.0,489500.0,60.0,0.0
608,0.0,350790,0.0,18,468.0,489500.0,60.0,0.0
609,0.0,350810,0.0,18,468.0,489500.0,60.0,0.0
610,0.0,360800,0.0,18,468.0,489500.0,60.0,0.0
611,0.0,360820,0.0,18,468.0,489500.0,60.0,0.0
612,0.0,360830,0.0,18,468.0,489500.0,60.0,0.0
613,0.0,360840,0.0,18,468.0,489500.0,60.0,0.0
614,0.0,360850,0.0,18,468.0,489500.0,60.0,0.0
615,0.0,360860,0.0,18,468.0,489500.0,60.0,0.0
616,0.0,370850,0.0,18,468.0,489500.0,60.0,0.0
617,0.0,370860,0.0,18,468.0,489500.0,60.0,0.0
618,0.0,370870,0.0,18,468.0,489500.0,60.0,0.0
619,0.0,380840,0.0,18,468.0,489500.0,60.0,0.0
620,0.0,380860,0.0,18,468.0,489500.0,60.0,0.0
621,0.0,380870,0.0,18,468.0,489500.0,60.0,0.0
622,0.0,380880,0.0,18,468.0,489500.0,60.0,0.0
623,0.0,380890,0.0,18,468.0,489500.0,60.0,0.0
624,0.0,380900,0.0,18,468.0,489500.0,60.0,0.0
625,0.0,390890,0.0,18,468.0,489500.0,60.0,0.0
626,0.0,390900,0.0,18,468.0,489500.0,60.0,0.0
627,0.0,390910,0.0,18,468.0,489500.0,60.0,0.0
628,0.0,40090,0.0,18,468.0,489500.0,60.0,0.0
629,0.0,400900,0.0,18,468.0,489500.0,60.0,0.0
630,0.0,400910,0.0,18,468.0,489500.0,60.0,0.0
631,0.0,400920,0.0,18,468.0,489500.0,60.0,0.0
632,0.0,400930,0.0,18,468.0,489500.0,60.0,0.0
633,0.0,400940,0.0,18,468.0,489500.0,60.0,0.0
634,0.0,400950,0.0,18,468.0,489500.0,60.0,0.0
635,0.0,400960,0.0,18,468.0,489500.0,60.0,0.0
636,0.0,410930,0.0,18,468.0,489500.0,60.0,0.0
637,0.0,410940,0.0,18,468.0,489500.0,60.0,0.0
638,0.0,410950,0.0,18,468.0,489500.0,60.0,0.0
639,0.0,420940,0.0,18,468.0,489500.0,60.0,0.0
640,0.0,420950,0.0,18,468.0,489500.0,60.0,0.0
641,0.0,420960,0.0,18,468.0,489500.0,60.0,0.0
642,0.0,420970,0.0,18,468.0,489500.0,60.0,0.0
643,0.0,420980,0.0,18,468.0,489500.0,60.0,0.0
644,0.0,420990,0.0,18,468.0,489500.0,60.0,0.0
645,0.0,421000,0.0,18,468.0,489500.0,60.0,0.0
646,0.0,430990,0.0,18,468.0,489500.0,60.0,0.0
647,0.0,440980,0.0,18,468.0,489500.0,60.0,0.0
648,0.0,440990,0.0,18,468.0,489500.0,60.0,0.0
649,0.0,441000,0.0,18,468.0,489500.0,60.0,0.0
650,0.0,441010,0.0,18,468.0,489500.0,60.0,0.0
651,0.0,441020,0.0,18,468.0,489500.0,60.0,0.0
652,0.0,441030,0.0,18,468.0,489500.0,60.0,0.0
653,0.0,441040,0.0,18,468.0,489500.0,60.0,0.0
654,0.0,441050,0.0,18,468.0,489500.0,60.0,0.0
655,0.0,441060,0.0,18,468.0,489500.0,60.0,0.0
656,0.0,451030,0.0,18,468.0,489500.0,60.0,0.0
657,0.0,451050,0.0,18,468.0,489500.0,60.0,0.0
658,0.0,461040,0.0,18,468.0,489500.0,60.0,0.0
659,0.0,461050,0.0,18,468.0,489500.0,60.0,0.0
660,0.0,461060,0.0,18,468.0,489500.0,60.0,0.0
661,0.0,461070,0.0,18,468.0,489500.0,60.0,0.0
662,0.0,461080,0.0,18,468.0,489500.0,60.0,0.0
663,0.0,461100,0.0,18,468.0,489500.0,60.0,0.0
664,0.0,471070,0.0,18,468.0,489500.0,60.0,0.0
665,0.0,471090,0.0,18,468.0,489500.0,60.0,0.0
666,0.0,471110,0.0,18,468.0,489500.0,60.0,0.0
667,0.0,473100,0.0,18,468.0,489500.0,60.0,0.0
668,0.0,481080,0.0,18,468.0,489500.0,60.0,0.0
669,0.0,481100,0.0,18,468.0,489500.0,60.0,0.0
670,0.0,481110,0.0,18,468.0,489500.0,60.0,0.0
671,0.0,481120,0.0,18,468.0,489500.0,60.0,0.0
672,0.0,481130,0.0,18,468.0,489500.0,60.0,0.0
673,0.0,481140,0.0,18,468.0,489500.0,60.0,0.0
674,0.0,481160,0.0,18,468.0,489500.0,60.0,0.0
675,0.0,483150,0.0,18,468.0,489500.0,60.0,0.0
676,0.0,491130,0.0,18,468.0,489500.0,60.0,0.0
677,0.0,491150,0.0,18,468.0,489500.0,60.0,0.0
678,0.0,50100,0.0,18,468.0,489500.0,60.0,0.0
679,0.0,50110,0.0,18,468.0,489500.0,60.0,0.0
680,0.0,501120,0.0,18,468.0,489500.0,60.0,0.0
681,0.0,501130,0.0,18,468.0,489500.0,60.0,0.0
682,0.0,501140,0.0,18,468.0,489500.0,60.0,0.0
683,0.0,501150,0.0,18,468.0,489500.0,60.0,0.0
684,0.0,501160,0.0,18,468.0,489500.0,60.0,0.0
685,0.0,501170,0.0,18,468.0,489500.0,60.0,0.0
686,0.0,501180,0.0,18,468.0,489500.0,60.0,0.0
687,0.0,501190,0.0,18,468.0,489500.0,60.0,0.0
688,0.0,501200,0.0,18,468.0,489500.0,60.0,0.0
689,0.0,501220,0.0,18,468.0,489500.0,60.0,0.0
690,0.0,501230,0.0,18,468.0,489500.0,60.0,0.0
691,0.0,501240,0.0,18,468.0,489500.0,60.0,0.0
692,0.0,501250,0.0,18,468.0,489500.0,60.0,0.0
693,0.0,501260,0.0,18,468.0,489500.0,60.0,0.0
694,0.0,511210,0.0,18,468.0,489500.0,60.0,0.0
695,0.0,511230,0.0,18,468.0,489500.0,60.0,0.0
696,0.0,511240,0.0,18,468.0,489500.0,60.0,0.0
697,0.0,511250,0.0,18,468.0,489500.0,60.0,0.0
698,0.0,511260,0.0,18,468.0,489500.0,60.0,0.0
699,0.0,521220,0.0,18,468.0,489500.0,60.0,0.0
700,0.0,521230,0.0,18,468.0,489500.0,60.0,0.0
701,0.0,521240,0.0,18,468.0,489500.0,60.0,0.0
702,0.0,521250,0.0,18,468.0,489500.0,60.0,0.0
703,0.0,521260,0.0,18,468.0,489500.0,60.0,0.0
704,0.0,521280,0.0,18,468.0,489500.0,60.0,0.0
705,0.0,521300,0.0,18,468.0,489500.0,60.0,0.0
706,0.0,521320,0.0,18,468.0,489500.0,60.0,0.0
707,0.0,523270,0.0,18,468.0,489500.0,60.0,0.0
708,0.0,523290,0.0,18,468.0,489500.0,60.0,0.0
709,0.0,531270,0.0,18,468.0,489500.0,60.0,0.0
710,0.0,531290,0.0,18,468.0,489500.0,60.0,0.0
711,0.0,531300,0.0,18,468.0,489500.0,60.0,0.0
712,0.0,531310,0.0,18,468.0,489500.0,60.0,0.0
713,0.0,531350,0.0,18,468.0,489500.0,60.0,0.0
714,0.0,541260,0.0,18,468.0,489500.0,60.0,0.0
715,0.0,541280,0.0,18,468.0,489500.0,60.0,0.0
716,0.0,541290,0.0,18,468.0,489500.0,60.0,0.0
717,0.0,541300,0.0,18,468.0,489500.0,60.0,0.0
718,0.0,541310,0.0,18,468.0,489500.0,60.0,0.0
719,0.0,541320,0.0,18,468.0,489500.0,60.0,0.0
720,0.0,541330,0.0,18,468.0,489500.0,60.0,0.0
721,0.0,541340,0.0,18,468.0,489500.0,60.0,0.0
722,0.0,541350,0.0,18,468.0,489500.0,60.0,0.0
723,0.0,541360,0.0,18,468.0,489500.0,60.0,0.0
724,0.0,551330,0.0,18,468.0,489500.0,60.0,0.0
725,0.0,551340,0.0,18,468.0,489500.0,60.0,0.0
726,0.0,551350,0.0,18,468.0,489500.0,60.0,0.0
727,0.0,551360,0.0,18,468.0,489500.0,60.0,0.0
728,0.0,551370,0.0,18,468.0,489500.0,60.0,0.0
729,0.0,561320,0.0,18,468.0,489500.0,60.0,0.0
730,0.0,561330,0.0,18,468.0,489500.0,60.0,0.0
731,0.0,561340,0.0,18,468.0,489500.0,60.0,0.0
732,0.0,561350,0.0,18,468.0,489500.0,60.0,0.0
733,0.0,561360,0.0,18,468.0,489500.0,60.0,0.0
734,0.0,561370,0.0,18,468.0,489500.0,60.0,0.0
735,0.0,561380,0.0,18,468.0,489500.0,60.0,0.0
736,0.0,561400,0.0,18,468.0,489500.0,60.0,0.0
737,0.0,571380,0.0,18,468.0,489500.0,60.0,0.0
738,0.0,571390,0.0,18,468.0,489500.0,60.0,0.0
739,0.0,571400,0.0,18,468.0,489500.0,60.0,0.0
740,0.0,581380,0.0,18,468.0,489500.0,60.0,0.0
741,0.0,581390,0.0,18,468.0,489500.0,60.0,0.0
742,0.0,581400,0.0,18,468.0,489500.0,60.0,0.0
743,0.0,581410,0.0,18,468.0,489500.0,60.0,0.0
744,0.0,581420,0.0,18,468.0,489500.0,60.0,0.0
745,0.0,581430,0.0,18,468.0,489500.0,60.0,0.0
746,0.0,581440,0.0,18,468.0,489500.0,60.0,0.0
747,0.0,591410,0.0,18,468.0,489500.0,60.0,0.0
748,0.0,591420,0.0,18,468.0,489500.0,60.0,0.0
749,0.0,591430,0.0,18,468.0,489500.0,60.0,0.0
750,0.0,60120,0.0,18,468.0,489500.0,60.0,0.0
751,0.0,601420,0.0,18,468.0,489500.0,60.0,0.0
752,0.0,601430,0.0,18,468.0,489500.0,60.0,0.0
753,0.0,601440,0.0,18,468.0,489500.0,60.0,0.0
754,0.0,601450,0.0,18,468.0,489500.0,60.0,0.0
755,0.0,601460,0.0,18,468.0,489500.0,60.0,0.0
756,0.0,601470,0.0,18,468.0,489500.0,60.0,0.0
757,0.0,601480,0.0,18,468.0,489500.0,60.0,0.0
758,0.0,601500,0.0,18,468.0,489500.0,60.0,0.0
759,0.0,611470,0.0,18,468.0,489500.0,60.0,0.0
760,0.0,611480,0.0,18,468.0,489500.0,60.0,0.0
761,0.0,611490,0.0,18,468.0,489500.0,60.0,0.0
762,0.0,611510,0.0,18,468.0,489500.0,60.0,0.0
763,0.0,613480,0.0,18,468.0,489500.0,60.0,0.0
764,0.0,621470,0.0,18,468.0,489500.0,60.0,0.0
765,0.0,621480,0.0,18,468.0,489500.0,60.0,0.0
766,0.0,621490,0.0,18,468.0,489500.0,60.0,0.0
767,0.0,621500,0.0,18,468.0,489500.0,60.0,0.0
768,0.0,621510,0.0,18,468.0,489500.0,60.0,0.0
769,0.0,621520,0.0,18,468.0,489500.0,60.0,0.0
770,0.0,621530,0.0,18,468.0,489500.0,60.0,0.0
771,0.0,621540,0.0,18,468.0,489500.0,60.0,0.0
772,0.0,631510,0.0,18,468.0,489500.0,60.0,0.0
773,0.0,631520,0.0,18,468.0,489500.0,60.0,0.0
774,0.0,631530,0.0,18,468.0,489500.0,60.0,0.0
775,0.0,631540,0.0,18,468.0,489500.0,60.0,0.0
776,0.0,631550,0.0,18,468.0,489500.0,60.0,0.0
777,0.0,631560,0.0,18,468.0,489500.0,60.0,0.0
778,0.0,631570,0.0,18,468.0,489500.0,60.0,0.0
779,0.0,641520,0.0,18,468.0,489500.0,60.0,0.0
780,0.0,641540,0.0,18,468.0,489500.0,60.0,0.0
781,0.0,641550,0.0,18,468.0,489500.0,60.0,0.0
782,0.0,641560,0.0,18,468.0,489500.0,60.0,0.0
783,0.0,641570,0.0,18,468.0,489500.0,60.0,0.0
784,0.0,641580,0.0,18,468.0,489500.0,60.0,0.0
785,0.0,641600,0.0,18,468.0,489500.0,60.0,0.0
786,0.0,651590,0.0,18,468.0,489500.0,60.0,0.0
787,0.0,651600,0.0,18,468.0,489500.0,60.0,0.0
788,0.0,661580,0.0,18,468.0,489500.0,60.0,0.0
789,0.0,661600,0.0,18,468.0,489500.0,60.0,0.0
790,0.0,661610,0.0,18,468.0,489500.0,60.0,0.0
791,0.0,661620,0.0,18,468.0,489500.0,60.0,0.0
792,0.0,661630,0.0,18,468.0,489500.0,60.0,0.0
793,0.0,661640,0.0,18,468.0,489500.0,60.0,0.0
794,0.0,671650,0.0,18,468.0,489500.0,60.0,0.0
795,0.0,673660,0.0,18,468.0,489500.0,60.0,0.0
796,0.0,681640,0.0,18,468.0,489500.0,60.0,0.0
797,0.0,681660,0.0,18,468.0,489500.0,60.0,0.0
798,0.0,681670,0.0,18,468.0,489500.0,60.0,0.0
799,0.0,681680,0.0,18,468.0,489500.0,60.0,0.0
800,0.0,681700,0.0,18,468.0,489500.0,60.0,0.0
801,0.0,70140,0.0,18,468.0,489500.0,60.0,0.0
802,0.0,70150,0.0,18,468.0,489500.0,60.0,0.0
803,0.0,80160,0.0,18,468.0,489500.0,60.0,0.0
804,0.0,80170,0.0,18,468.0,489500.0,60.0,0.0
805,0.0,822060,0.0,18,468.0,489500.0,60.0,0.0
806,0.0,822070,0.0,18,468.0,489500.0,60.0,0.0
807,0.0,822080,0.0,18,468.0,489500.0,60.0,0.0
808,0.0,832090,0.0,18,468.0,489500.0,60.0,0.0
809,0.0,882230,0.07227304550521216,18,468.0,489500.0,60.0,0.0
810,0.0,882240,0.0,18,468.0,489500.0,60.0,0.0
811,0.0,882250,0.0,18,468.0,489500.0,60.0,0.0
812,0.0,882260,4.596790533956883e-05,18,468.0,489500.0,60.0,0.0
813,0.0,892250,0.0,18,468.0,489500.0,60.0,0.0
814,0.0,892260,0.0,18,468.0,489500.0,60.0,0.0
815,0.0,892270,0.0019564503653774303,18,468.0,489500.0,60.0,0.0
816,0.0,902270,16.373010345858294,18,468.0,489500.0,60.0,0.0
817,0.0,902280,0.04000846293138879,18,468.0,489500.0,60.0,0.0
818,0.0,902290,8.409023019129936,18,468.0,489500.0,60.0,0.0
819,0.0,902300,0.03241267077765185,18,468.0,489500.0,60.0,0.0
820,0.0,902320,0.011854681211313564,18,468.0,489500.0,60.0,0.0
821,0.0,902340,0.005977007945275429,18,468.0,489500.0,60.0,0.0
822,0.0,912310,0.1549421146497204,18,468.0,489500.0,60.0,0.0
823,0.0,912320,91.5378326846674,18,468.0,489500.0,60.0,0.0
824,0.0,912330,0.039972439770590215,18,468.0,489500.0,60.0,0.0
825,0.0,922320,10.222480953196419,18,468.0,489500.0,60.0,0.0
826,0.0,922330,45.81627714122028,18,468.0,489500.0,60.0,0.0
827,0.0,922340,0.25662382993037997,18,468.0,489500.0,60.0,0.0
828,0.000184383,922350,40.4719991235226,18,468.0,489500.0,60.0,0.0
829,0.0,922360,0.16572543572104667,18,468.0,489500.0,60.0,0.0
830,0.0,922370,0.2640339002279153,18,468.0,489500.0,60.0,0.0
831,0.00073974,922380,0.050518870308571606,18,468.0,489500.0,60.0,0.0
832,0.0,922390,2.707100829399823,18,468.0,489500.0,60.0,0.0
833,0.0,922400,0.03352192457826959,18,468.0,489500.0,60.0,0.0
834,0.0,922410,0.12015964496905085,18,468.0,489500.0,60.0,0.0
835,0.0,932350,2.3018592824405615,18,468.0,489500.0,60.0,0.0
836,0.0,932360,226.51301014409725,18,468.0,489500.0,60.0,0.0
837,0.0,932370,0.28129966498013526,18,468.0,489500.0,60.0,0.0
838,0.0,932380,149.93716520120057,18,468.0,489500.0,60.0,0.0
839,0.0,932390,0.3149029913255203,18,468.0,489500.0,60.0,0.0
840,0.0,942360,23.665353384479346,18,468.0,489500.0,60.0,0.0
841,0.0,942370,154.16091558417295,18,468.0,489500.0,60.0,0.0
842,0.0,942380,1.7374996024871407,18,468.0,489500.0,60.0,0.0
843,0.0,942390,77.50503361656682,18,468.0,489500.0,60.0,0.0
844,0.0,942400,0.31580653630453465,18,468.0,489500.0,60.0,0.0
845,0.0,942410,88.72520758970272,18,468.0,489500.0,60.0,0.0
846,0.0,942420,0.22706115859293463,18,468.0,489500.0,60.0,0.0
847,0.0,942430,19.111623017261778,18,468.0,489500.0,60.0,0.0
848,0.0,942440,0.197929080056792,18,468.0,489500.0,60.0,0.0
849,0.0,942460,0.13370649303177115,18,468.0,489500.0,60.0,0.0
850,0.0,952410,0.6843058597573886,18,468.0,489500.0,60.0,0.0
851,0.0,952420,175.90206473789746,18,468.0,489500.0,60.0,0.0
852,0.0,952430,0.23318661036765348,18,468.0,489500.0,60.0,0.0
853,0.0,952440,179.39842761822325,18,468.0,489500.0,60.0,0.0
854,0.0,953420,0.0,18,468.0,489500.0,60.0,0.0
855,0.0,953440,0.0,18,468.0,489500.0,60.0,0.0
856,0.0,962400,1.4165457800804553,18,468.0,489500.0,60.0,0.0
857,0.0,962410,188.2732025145405,18,468.0,489500.0,60.0,0.0
858,0.0,962420,0.37544873547507257,18,468.0,489500.0,60.0,0.0
859,0.0,962430,62.68962713748397,18,468.0,489500.0,60.0,0.0
860,0.0,962440,0.46406463374142204,18,468.0,489500.0,60.0,0.0
861,0.0,962450,131.5175796987284,18,468.0,489500.0,60.0,0.0
862,0.0,962460,0.31477345387020045,18,468.0,489500.0,60.0,0.0
863,0.0,962470,22.917053717011445,18,468.0,489500.0,60.0,0.0
864,0.0,962480,0.3888541544051163,18,468.0,489500.0,60.0,0.0
865,0.0,962490,3.002711578157498,18,468.0,489500.0,60.0,0.0
866,0.0,962500,0.2859881496020388,18,468.0,489500.0,60.0,0.0
867,0.0,972490,1.1574965535289503,18,468.0,489500.0,60.0,0.0
868,0.0,982490,137.04921596216357,18,468.0,489500.0,60.0,0.0
869,0.0,982510,418.787611127371,18,468.0,489500.0,60.0,0.0
